[
null,
{"id":1,"battlerName":"Actor1_1","characterIndex":0,"characterName":"$nake_male","classId":1,"equips":[1,1,2,3,4,5,6,7],"faceIndex":0,"faceName":"Actor1","traits":[{"code":35,"dataId":1,"value":1},{"code":22,"dataId":9,"value":0.03},{"code":23,"dataId":0,"value":1},{"code":23,"dataId":9,"value":1.15}],"initialLevel":1,"maxLevel":99,"name":"里德","nickname":"","note":"// 必须设置TP自动恢复，TP必须为100才可攻击\n// 初始装备可以设置或者设置好的“空装备”\n// 但初始装备不可设置为“无”\n\n// 物品栏立绘 必须设置否则报错\n<portrait:Actor1_1> \n// 技能栏立绘 必须设置否则报错\n<skillBackground:skillBackGround_Actor_1> \n// 储存角色技能点的变量ID\n<spVar:21> \n<spPerLv:1> \n// 技能栏每5个自动换行,0为占位符\n<skills:5,6,7,0,0,0,8>\n//读取角色动作\n<//loadAttackCharacter>","profile":"我就是主角？对吗？/NL真不错"},
{"id":2,"battlerName":"Actor1_2","characterIndex":1,"characterName":"Actor1","classId":1,"equips":[2,1,2,3,4,5,6,7],"faceIndex":1,"faceName":"Actor1","traits":[{"code":22,"dataId":9,"value":0.01},{"code":43,"dataId":1,"value":1}],"initialLevel":1,"maxLevel":99,"name":"普丽西拉","nickname":"","note":"// 必须设置TP自动恢复，TP必须为100才可攻击\n// 物品栏立绘\n<portrait:Actor1_2>\n\n// 队友援护距离\n<followRnage:3>\n\n// 死亡音效(储存在SE文件夹中)\n<deathVoice:Cry1,90,100>\n\n// 死亡动画\n<deathAnimation:127>\n\n\n// 角色视野\n<vision:3>","profile":""},
{"id":3,"battlerName":"Actor1_3","characterIndex":2,"characterName":"Actor1","classId":1,"equips":[2,1,2,3,4,5,6,7],"faceIndex":2,"faceName":"Actor1","traits":[{"code":22,"dataId":9,"value":0.01},{"code":43,"dataId":1,"value":1}],"initialLevel":1,"maxLevel":99,"name":"盖尔","nickname":"","note":"// 必须设置TP自动恢复，TP必须为100才可攻击\n// 物品栏立绘\n<portrait:Actor1_3> \n// 队友援护距离\n<followRnage:20>\n// 角色视野\n<vision:3>","profile":""},
{"id":4,"battlerName":"Actor1_4","characterIndex":3,"characterName":"Actor1","classId":1,"equips":[5,1,2,3,4,5,6,7],"faceIndex":3,"faceName":"Actor1","traits":[{"code":43,"dataId":1,"value":1},{"code":22,"dataId":9,"value":0.01}],"initialLevel":1,"maxLevel":99,"name":"米歇尔","nickname":"","note":"// 必须设置TP自动恢复，TP必须为100才可攻击\n// 物品栏立绘\n<portrait:Actor1_4>\n// 队友援护距离\n<followRnage:7>","profile":""},
{"id":5,"battlerName":"","characterIndex":0,"characterName":"Nature","classId":3,"equips":[2,1,2,3,4,5,6,7],"faceIndex":0,"faceName":"Nature","traits":[{"code":22,"dataId":9,"value":0.03},{"code":14,"dataId":1,"value":1},{"code":22,"dataId":5,"value":0.24},{"code":22,"dataId":6,"value":0.03},{"code":43,"dataId":11,"value":1}],"initialLevel":1,"maxLevel":1,"name":"","nickname":"","note":"// 必须设置TP自动恢复，TP必须为100才可攻击\n// 物品栏立绘\n// 队友援护距离\n<followRnage:7>\n// 被召唤者\n<summoned>\n<vision:3>\n<textColor:31>","profile":""},
{"id":6,"battlerName":"","characterIndex":1,"characterName":"People1","classId":1,"equips":[1,1,2,3,4,5,6,7],"faceIndex":4,"faceName":"","traits":[{"code":35,"dataId":1,"value":1},{"code":22,"dataId":9,"value":0.01}],"initialLevel":1,"maxLevel":99,"name":"士兵2","nickname":"","note":"// 必须设置TP自动恢复，TP必须为100才可攻击\n// 物品栏立绘\n<portrait:Actor1_4>\n// 队友援护距离\n<followRnage:7>","profile":""},
{"id":7,"battlerName":"","characterIndex":2,"characterName":"People1","classId":1,"equips":[1,1,2,3,4,5,6,7],"faceIndex":4,"faceName":"","traits":[{"code":35,"dataId":1,"value":1},{"code":22,"dataId":9,"value":0.01}],"initialLevel":1,"maxLevel":99,"name":"士兵3","nickname":"","note":"// 必须设置TP自动恢复，TP必须为100才可攻击\n// 物品栏立绘\n<portrait:Actor1_4>\n// 队友援护距离\n<followRnage:7>","profile":""},
{"id":8,"battlerName":"","characterIndex":0,"characterName":"","classId":1,"equips":[1,0,0,0,0],"faceIndex":0,"faceName":"","traits":[],"initialLevel":1,"maxLevel":99,"name":"","nickname":"","note":"","profile":""},
{"id":9,"battlerName":"","characterIndex":0,"characterName":"","classId":1,"equips":[0,0,0,0,0],"faceIndex":0,"faceName":"","traits":[],"initialLevel":1,"maxLevel":99,"name":"","nickname":"","note":"","profile":""},
{"id":10,"battlerName":"","characterIndex":0,"characterName":"","classId":1,"equips":[0,0,0,0,0],"faceIndex":0,"faceName":"","traits":[],"initialLevel":1,"maxLevel":99,"name":"----------------------","nickname":"","note":"","profile":""},
{"id":11,"battlerName":"","characterIndex":0,"characterName":"$CommonDeath","classId":1,"equips":[1,1,2,3,4,5,6,7],"faceIndex":0,"faceName":"","traits":[],"initialLevel":1,"maxLevel":99,"name":"","nickname":"","note":"","profile":""},
{"id":12,"battlerName":"","characterIndex":0,"characterName":"","classId":1,"equips":[0,0,0,0,0],"faceIndex":0,"faceName":"","traits":[],"initialLevel":1,"maxLevel":99,"name":"","nickname":"","note":"","profile":""},
{"id":13,"battlerName":"","characterIndex":0,"characterName":"","classId":1,"equips":[0,0,0,0,0],"faceIndex":0,"faceName":"","traits":[],"initialLevel":1,"maxLevel":99,"name":"","nickname":"","note":"","profile":""},
{"id":14,"battlerName":"","characterIndex":0,"characterName":"","classId":1,"equips":[0,0,0,0,0],"faceIndex":0,"faceName":"","traits":[],"initialLevel":1,"maxLevel":99,"name":"","nickname":"","note":"","profile":""},
{"id":15,"battlerName":"","characterIndex":0,"characterName":"","classId":1,"equips":[0,0,0,0,0],"faceIndex":0,"faceName":"","traits":[],"initialLevel":1,"maxLevel":99,"name":"","nickname":"","note":"","profile":""},
{"id":16,"battlerName":"","characterIndex":0,"characterName":"","classId":1,"equips":[0,0,0,0,0],"faceIndex":0,"faceName":"","traits":[],"initialLevel":1,"maxLevel":99,"name":"","nickname":"","note":"","profile":""},
{"id":17,"battlerName":"","characterIndex":0,"characterName":"","classId":1,"equips":[0,0,0,0,0],"faceIndex":0,"faceName":"","traits":[],"initialLevel":1,"maxLevel":99,"name":"","nickname":"","note":"","profile":""},
{"id":18,"battlerName":"","characterIndex":0,"characterName":"","classId":1,"equips":[0,0,0,0,0],"faceIndex":0,"faceName":"","traits":[],"initialLevel":1,"maxLevel":99,"name":"","nickname":"","note":"","profile":""},
{"id":19,"battlerName":"","characterIndex":0,"characterName":"","classId":1,"equips":[0,0,0,0,0],"faceIndex":0,"faceName":"","traits":[],"initialLevel":1,"maxLevel":99,"name":"","nickname":"","note":"","profile":""},
{"id":20,"battlerName":"","characterIndex":0,"characterName":"","classId":1,"equips":[0,0,0,0,0],"faceIndex":0,"faceName":"","traits":[],"initialLevel":1,"maxLevel":99,"name":"----------------------","nickname":"","note":"","profile":""},
{"id":21,"battlerName":"","characterIndex":0,"characterName":"$female_8dir_motions","classId":30,"equips":[1,1,2,3,4,5,6,7],"faceIndex":0,"faceName":"Nature","traits":[{"code":22,"dataId":9,"value":0.03},{"code":14,"dataId":1,"value":1},{"code":22,"dataId":5,"value":0.24},{"code":43,"dataId":1,"value":1},{"code":22,"dataId":6,"value":0.75}],"initialLevel":1,"maxLevel":1,"name":"忠犬","nickname":"","note":"// 必须设置TP自动恢复，TP必须为100才可攻击\n// 队友援护距离\n<followRnage:7>\n// 被召唤者\n<summoned>\n<vision:3>\n<textColor:31>\n\n//8方向时去掉下列的“//”\n<_8dir>\n<loadAttackCharacter>","profile":""},
{"id":22,"battlerName":"","characterIndex":0,"characterName":"","classId":1,"equips":[0,0,0,0,0],"faceIndex":0,"faceName":"","traits":[],"initialLevel":1,"maxLevel":99,"name":"","nickname":"","note":"","profile":""},
{"id":23,"battlerName":"","characterIndex":0,"characterName":"","classId":1,"equips":[0,0,0,0,0],"faceIndex":0,"faceName":"","traits":[],"initialLevel":1,"maxLevel":99,"name":"","nickname":"","note":"","profile":""},
{"id":24,"battlerName":"","characterIndex":0,"characterName":"","classId":1,"equips":[0,0,0,0,0],"faceIndex":0,"faceName":"","traits":[],"initialLevel":1,"maxLevel":99,"name":"","nickname":"","note":"","profile":""},
{"id":25,"battlerName":"","characterIndex":0,"characterName":"","classId":1,"equips":[0,0,0,0,0],"faceIndex":0,"faceName":"","traits":[],"initialLevel":1,"maxLevel":99,"name":"","nickname":"","note":"","profile":""},
{"id":26,"battlerName":"","characterIndex":0,"characterName":"","classId":1,"equips":[0,0,0,0,0],"faceIndex":0,"faceName":"","traits":[],"initialLevel":1,"maxLevel":99,"name":"","nickname":"","note":"","profile":""},
{"id":27,"battlerName":"","characterIndex":0,"characterName":"","classId":1,"equips":[0,0,0,0,0],"faceIndex":0,"faceName":"","traits":[],"initialLevel":1,"maxLevel":99,"name":"","nickname":"","note":"","profile":""},
{"id":28,"battlerName":"","characterIndex":0,"characterName":"","classId":1,"equips":[0,0,0,0,0],"faceIndex":0,"faceName":"","traits":[],"initialLevel":1,"maxLevel":99,"name":"","nickname":"","note":"","profile":""},
{"id":29,"battlerName":"","characterIndex":0,"characterName":"","classId":1,"equips":[0,0,0,0,0],"faceIndex":0,"faceName":"","traits":[],"initialLevel":1,"maxLevel":99,"name":"","nickname":"","note":"","profile":""},
{"id":30,"battlerName":"","characterIndex":0,"characterName":"","classId":1,"equips":[0,0,0,0,0],"faceIndex":0,"faceName":"","traits":[],"initialLevel":1,"maxLevel":99,"name":"","nickname":"","note":"","profile":""}
]