[
null,
{"id":1,"atypeId":1,"description":"【普通装备】拥有高透气性的亚麻制服装。","etypeId":2,"traits":[{"code":22,"dataId":1,"value":0}],"iconIndex":0,"name":"空盾牌","note":"<hide>\n<unbreakable>\n//除开武器以外，\n//每个防具类型必须按照装备类型设置一个空道具\n//这种防具的防具类型必须是所有职业和角色通用的\n//否则拖动装备会出现问题","params":[0,0,0,0,0,0,0,0],"price":0},
{"id":2,"atypeId":1,"description":"【普通装备】拥有高透气性的亚麻制服装。","etypeId":3,"traits":[{"code":22,"dataId":1,"value":0}],"iconIndex":0,"name":"空头部","note":"<hide>\n<unbreakable>","params":[0,0,0,0,0,0,0,0],"price":0},
{"id":3,"atypeId":1,"description":"【普通装备】拥有高透气性的亚麻制服装。","etypeId":4,"traits":[{"code":22,"dataId":1,"value":0}],"iconIndex":574,"name":"空身体","note":"<hide>\n<unbreakable>","params":[0,0,0,0,0,0,0,0],"price":0},
{"id":4,"atypeId":1,"description":"【普通装备】拥有高透气性的亚麻制服装。","etypeId":5,"traits":[{"code":22,"dataId":1,"value":0}],"iconIndex":574,"name":"空装饰品","note":"<hide>\n<unbreakable>","params":[0,0,0,0,0,0,0,0],"price":0},
{"id":5,"atypeId":1,"description":"","etypeId":6,"traits":[{"code":22,"dataId":1,"value":0}],"iconIndex":0,"name":"空测试装备","note":"<hide>\n<unbreakable>","params":[0,0,0,0,0,0,0,0],"price":0},
{"id":6,"atypeId":1,"description":"","etypeId":7,"traits":[{"code":22,"dataId":1,"value":0}],"iconIndex":0,"name":"空称号","note":"<hide>\n<unbreakable>","params":[0,0,0,0,0,0,0,0],"price":0},
{"id":7,"atypeId":1,"description":"","etypeId":8,"traits":[{"code":22,"dataId":1,"value":0}],"iconIndex":0,"name":"空特殊装备","note":"<hide>\n<unbreakable>","params":[0,0,0,0,0,0,0,0],"price":0},
{"id":8,"atypeId":1,"description":"","etypeId":3,"traits":[{"code":22,"dataId":9,"value":0.1}],"iconIndex":558,"name":"卧龙头盔","note":"//设置装备的外观，会直接影响行走图\n//存放位置为 img/characters\n<img:$HatTest_2>","params":[0,0,0,40,0,0,0,0],"price":0},
{"id":9,"atypeId":1,"description":"","etypeId":3,"traits":[],"iconIndex":700,"name":"贤者头巾","note":"//设置装备的外观，会直接影响行走图\n//存放位置为 img/characters\n<img:$HatTest>\n<textColor:10>\n<durability:5>\n<energyBonus:300>\n<desc:\n· 耐力值+300\n· 吟唱速度+500%>\n//吟唱速度\n<castSpeed:15>","params":[0,0,0,20,0,0,0,0],"price":0},
{"id":10,"atypeId":1,"description":"","etypeId":2,"traits":[{"code":22,"dataId":6,"value":1}],"iconIndex":950,"name":"晶之盾","note":"<textColor:27>\n<scale:1.3>\n<desc:\n攻击时有10%概率释放结晶冲击\n结晶冲击伤害：物理攻击力*20%\n清空敌人敏捷和回避率>\n<triggerSkill:0.1,37>","params":[0,0,0,10,0,0,0,0],"price":0},
{"id":11,"atypeId":1,"description":"","etypeId":4,"traits":[],"iconIndex":703,"name":"一袭白衣","note":"//设置装备的外观，会直接影响行走图\n//存放位置为 img/characters\n<img:$ArmorTest_2>","params":[0,0,0,10,0,0,0,0],"price":0},
{"id":12,"atypeId":1,"description":"","etypeId":4,"traits":[],"iconIndex":703,"name":"一袭黑衣","note":"//设置装备的外观，会直接影响行走图\n//存放位置为 img/characters\n<img:$ArmorTest>\n<textColor:27>\n<desc:\n攻击时10%概率释放黑色剑弧\n伤害为物理攻击力*20%\n黑色剑弧为暗属性伤害\n被攻击75%概率释放恶念爆发\n伤害为20%物理攻击\n在接下来0.25秒内\n反弹敌人弹道>\n<triggerSkill:0.1,51>\n// 装备时会给角色赋予的状态，可以设置多个，用英文逗号隔开\n<equipStates:28>","params":[0,0,0,20,0,0,0,0],"price":0},
{"id":13,"atypeId":1,"description":"","etypeId":6,"traits":[],"iconIndex":973,"name":"赤阳宝石","note":"<textColor:27>\n<unbreakable>","params":[100,100,8,8,8,8,20,20],"price":0},
{"id":14,"atypeId":1,"description":"","etypeId":7,"traits":[],"iconIndex":722,"name":"探索者","note":"<textColor:10>\n<textColor2:27>\n<label:⭐ 探索者 ⭐>\n//这个物品无法强化\n<cannotUpgrade>\n<unbreakable>\n<desc:无法强化/C25>","params":[100,100,8,8,8,8,20,20],"price":0},
{"id":15,"atypeId":1,"description":"这就是风的守护吗？","etypeId":2,"traits":[{"code":22,"dataId":1,"value":0.1}],"iconIndex":948,"name":"风之盾","note":"<textColor:24>\n<scale:1.3>\n<suit:2 26,3 27>\n<suitEquips:w 14,a 15,a 17>","params":[0,0,0,10,0,0,0,0],"price":0},
{"id":16,"atypeId":1,"description":"","etypeId":4,"traits":[],"iconIndex":703,"name":"布衣","note":"//设置装备的外观，会直接影响行走图\n//存放位置为 img/characters\n<img:$ArmorTestPainting>","params":[0,0,0,0,0,0,0,0],"price":0},
{"id":17,"atypeId":1,"description":"","etypeId":4,"traits":[{"code":11,"dataId":7,"value":0.85}],"iconIndex":703,"name":"追风者长袍","note":"//设置装备的外观，会直接影响行走图\n//存放位置为 img/characters\n<img:$ArmorWindCatcher>\n<textColor:24>\n<suit:2 26,3 27>\n<suitEquips:w 14,a 15,a 17>","params":[0,0,0,20,0,0,20,0],"price":0},
{"id":18,"atypeId":0,"description":"","etypeId":2,"traits":[{"code":22,"dataId":1,"value":0}],"iconIndex":0,"name":"","note":"","params":[0,0,0,0,0,0,0,0],"price":0},
{"id":19,"atypeId":0,"description":"","etypeId":2,"traits":[{"code":22,"dataId":1,"value":0}],"iconIndex":0,"name":"","note":"","params":[0,0,0,0,0,0,0,0],"price":0},
{"id":20,"atypeId":0,"description":"","etypeId":2,"traits":[{"code":22,"dataId":1,"value":0}],"iconIndex":0,"name":"","note":"","params":[0,0,0,0,0,0,0,0],"price":0}
]