[
null,
{"id":1,"list":[{"code":111,"indent":0,"parameters":[4,1,6,1]},{"code":353,"indent":1,"parameters":[]},{"code":0,"indent":1,"parameters":[]},{"code":412,"indent":0,"parameters":[]},{"code":355,"indent":0,"parameters":["if( Input.isRepeated( '~' )){"]},{"code":655,"indent":0,"parameters":["$gameSystem.onBeforeSave();"]},{"code":655,"indent":0,"parameters":["DataManager.saveGame(0)"]},{"code":655,"indent":0,"parameters":["};"]},{"code":122,"indent":0,"parameters":[39,39,0,4,"$gamePlayer.screenX();"]},{"code":122,"indent":0,"parameters":[40,40,0,4,"$gamePlayer.screenY();"]},{"code":355,"indent":0,"parameters":["if($gameParty){"]},{"code":655,"indent":0,"parameters":["$gameParty.weight = 0;"]},{"code":655,"indent":0,"parameters":["for(item of $gameParty.allItems()){"]},{"code":655,"indent":0,"parameters":["if(item.meta.weight){"]},{"code":655,"indent":0,"parameters":["$gameParty.weight+=Number(item.meta.weight);"]},{"code":655,"indent":0,"parameters":["}"]},{"code":655,"indent":0,"parameters":["}"]},{"code":655,"indent":0,"parameters":["}"]},{"code":0,"indent":0,"parameters":[]}],"name":"通用事件 - 死亡或者其他","switchId":2,"trigger":2},
{"id":2,"list":[{"code":225,"indent":0,"parameters":[3,9,5,false]},{"code":0,"indent":0,"parameters":[]}],"name":"地震","switchId":1,"trigger":0},
{"id":3,"list":[{"code":224,"indent":0,"parameters":[[255,0,0,51],10,false]},{"code":0,"indent":0,"parameters":[]}],"name":"暴击共通事件","switchId":1,"trigger":0},
{"id":4,"list":[{"code":129,"indent":0,"parameters":[5,0,false]},{"code":0,"indent":0,"parameters":[]}],"name":"召唤佣兵","switchId":1,"trigger":0}
]