[
null,
{"id":1,"actions":[{"skillId":5,"rating":5,"conditionType":0,"conditionParam1":0,"conditionParam2":0},{"skillId":6,"rating":5,"conditionType":0,"conditionParam1":0,"conditionParam2":0}],"battlerHue":0,"battlerName":"Actor1_3","dropItems":[{"dataId":1,"denominator":1,"kind":0},{"dataId":1,"denominator":1,"kind":0},{"dataId":1,"denominator":1,"kind":0}],"exp":10,"traits":[{"code":22,"dataId":0,"value":0.95},{"code":22,"dataId":1,"value":0.05},{"code":22,"dataId":9,"value":0.02}],"gold":5,"name":"黑骑士","note":"\n//视野\n<vision:10>\n//名字颜色\n<textColor:14>\n//Boss血条\n<bossGauge>","params":[50000,9999,25,20,20,20,20,20]},
{"id":2,"actions":[{"skillId":6,"rating":5,"conditionType":0,"conditionParam1":0,"conditionParam2":0}],"battlerHue":0,"battlerName":"","dropItems":[{"dataId":1,"denominator":1,"kind":0},{"dataId":1,"denominator":1,"kind":0},{"dataId":1,"denominator":1,"kind":0}],"exp":10,"traits":[{"code":22,"dataId":0,"value":0.95},{"code":22,"dataId":1,"value":0.05},{"code":22,"dataId":9,"value":0.01},{"code":43,"dataId":6,"value":1},{"code":22,"dataId":6,"value":0.05}],"gold":8,"name":"女巫","note":"\n<label:新人杀手>\n<labelTextColor:14>\n<loadAttackCharacter>","params":[1000,9999,300,0,20,20,20,20]},
{"id":3,"actions":[],"battlerHue":0,"battlerName":"","dropItems":[{"dataId":1,"denominator":1,"kind":0},{"dataId":1,"denominator":1,"kind":0},{"dataId":1,"denominator":1,"kind":0}],"exp":0,"traits":[{"code":22,"dataId":0,"value":0.95},{"code":22,"dataId":1,"value":0.05},{"code":21,"dataId":0,"value":10},{"code":21,"dataId":0,"value":10},{"code":21,"dataId":0,"value":10},{"code":21,"dataId":0,"value":10},{"code":21,"dataId":0,"value":10},{"code":21,"dataId":0,"value":10},{"code":21,"dataId":0,"value":10},{"code":21,"dataId":0,"value":10},{"code":35,"dataId":1,"value":1},{"code":22,"dataId":9,"value":0},{"code":23,"dataId":1,"value":10},{"code":23,"dataId":1,"value":10},{"code":23,"dataId":1,"value":10},{"code":23,"dataId":1,"value":10},{"code":23,"dataId":1,"value":10},{"code":23,"dataId":1,"value":10},{"code":23,"dataId":1,"value":10},{"code":23,"dataId":1,"value":10},{"code":23,"dataId":1,"value":10},{"code":23,"dataId":1,"value":10},{"code":23,"dataId":1,"value":10},{"code":23,"dataId":1,"value":10},{"code":23,"dataId":1,"value":10},{"code":23,"dataId":1,"value":10},{"code":23,"dataId":1,"value":10}],"gold":0,"name":"沙包","note":"\n<vision:0>","params":[999999,0,15,25,20,20,20,20]},
{"id":4,"actions":[{"skillId":6,"rating":5,"conditionType":0,"conditionParam1":0,"conditionParam2":0}],"battlerHue":0,"battlerName":"","dropItems":[{"dataId":1,"denominator":1,"kind":0},{"dataId":1,"denominator":1,"kind":0},{"dataId":1,"denominator":1,"kind":0}],"exp":0,"traits":[{"code":22,"dataId":0,"value":0.95},{"code":22,"dataId":1,"value":0.05},{"code":22,"dataId":9,"value":0.01},{"code":23,"dataId":1,"value":10}],"gold":0,"name":"炮台","note":"\n<vision:10>\n<cantMove>\n//敌人光环 光环图片,光环附加的状态,光环范围\n//不要在敌人很多的地图上使用，极耗资源\n//需要使用时去掉下列指令中的\"//\"\n<//aura:$AuraTest,24,2>","params":[500,9999,15,25,20,20,20,20]},
{"id":5,"actions":[{"skillId":5,"rating":5,"conditionType":0,"conditionParam1":0,"conditionParam2":0}],"battlerHue":0,"battlerName":"","dropItems":[{"dataId":1,"denominator":1,"kind":0},{"dataId":1,"denominator":1,"kind":0},{"dataId":1,"denominator":1,"kind":0}],"exp":10,"traits":[{"code":22,"dataId":0,"value":0.95},{"code":22,"dataId":1,"value":0.05},{"code":22,"dataId":9,"value":0.01}],"gold":8,"name":"盗贼","note":"\n//读取角色攻击动作行走图<loadAttackCharacter>\n//在img/Character中必须有相应行走图\n//命名方式为原本的行走图名称+_动作名称\n//例如“盗贼攻击”的动作是swingDown（技能中设置）\n//事件行走图的名称为$robber.png\n//那么在执行盗贼攻击时，会读取$robber_swingDown.png\n//如果没有，则会报错\n<loadAttackCharacter>","params":[1500,9999,30,5,20,20,20,20]},
{"id":6,"actions":[],"battlerHue":0,"battlerName":"","dropItems":[{"dataId":1,"denominator":1,"kind":0},{"dataId":1,"denominator":1,"kind":0},{"dataId":1,"denominator":1,"kind":0}],"exp":0,"traits":[{"code":22,"dataId":0,"value":10},{"code":22,"dataId":1,"value":0.05},{"code":21,"dataId":0,"value":10},{"code":22,"dataId":9,"value":0},{"code":22,"dataId":6,"value":0.02}],"gold":0,"name":"沙包","note":"<vision:10>\n//名字颜色\n<textColor:27>","params":[999999,0,1,10,10,10,10,10]}
]